{
    "metadata":{
        "type":"Geometry",
        "generator":"io_three",
        "version":3,
        "vertices":24,
        "normals":22,
        "materials":3,
        "uvs":0,
        "faces":22
    },
    "vertices":[0,-7.64949e-06,-175,-123.744,-5.40901e-06,-123.744,-175,3.3437e-13,7.64949e-06,-123.744,5.40901e-06,123.744,1.5299e-05,7.64949e-06,175,123.744,5.40901e-06,123.744,175,-9.12193e-14,-2.08685e-06,123.744,-5.40901e-06,-123.744,0,36.9701,-175,-123.744,36.9701,-123.744,-175,36.9701,6.03348e-06,-123.744,36.9701,123.744,1.5299e-05,36.9701,175,123.744,36.9701,123.744,175,36.9701,-3.70287e-06,123.744,36.9701,-123.744,-1.3557e-06,66.0492,-214.876,-151.94,66.0492,-151.94,-214.876,66.0492,6.50542e-06,-151.94,66.0492,151.94,1.74294e-05,66.0492,214.876,151.94,66.0492,151.94,214.876,66.0492,-5.44947e-06,151.94,66.0492,-151.94],
    "faces":[34,2,1,0,0,0,0,0,34,0,7,6,0,1,1,1,34,6,5,4,0,2,2,2,34,4,3,2,0,3,3,3,34,2,0,6,0,4,4,4,34,6,4,2,0,5,5,5,35,11,12,20,19,1,6,6,6,6,35,0,1,9,8,2,7,7,7,7,35,7,0,8,15,1,8,8,8,8,35,5,6,14,13,1,9,9,9,9,35,3,4,12,11,1,10,10,10,10,35,1,2,10,9,1,11,11,11,11,35,6,7,15,14,2,12,12,12,12,35,4,5,13,12,2,13,13,13,13,35,2,3,11,10,2,14,14,14,14,35,9,10,18,17,1,15,15,15,15,35,14,15,23,22,2,16,16,16,16,35,12,13,21,20,2,17,17,17,17,35,10,11,19,18,2,18,18,18,18,35,8,9,17,16,2,19,19,19,19,35,15,8,16,23,1,20,20,20,20,35,13,14,22,21,1,21,21,21,21],
    "uvs":[],
    "normals":[4.5886e-15,-1,4.37114e-08,-6.88289e-15,-1,4.37114e-08,6.88289e-15,-1,4.37114e-08,-4.5886e-15,-1,4.37114e-08,1.90066e-15,-1,4.37114e-08,1.90066e-15,-1,4.37114e-08,-0.2371,-0.78494,0.572409,-0.382683,0,-0.92388,0.382684,0,-0.92388,0.92388,0,0.382683,-0.382683,0,0.92388,-0.92388,0,-0.382683,0.92388,0,-0.382683,0.382684,0,0.92388,-0.92388,0,0.382683,-0.572409,-0.78494,-0.2371,0.572409,-0.784941,-0.2371,0.2371,-0.78494,0.572409,-0.572409,-0.78494,0.2371,-0.2371,-0.78494,-0.572409,0.2371,-0.784941,-0.572409,0.572409,-0.78494,0.2371],
    "materials":[{
        "colorEmissive":[0,0,0],
        "shading":"phong",
        "opacity":1,
        "transparent":false,
        "visible":true,
        "wireframe":false,
        "blending":"NormalBlending",
        "depthTest":true,
        "depthWrite":true,
        "doubleSided":false,
        "DbgName":"Material.001",
        "DbgColor":15597568,
        "DbgIndex":1,
        "colorDiffuse":[0.64,0.64,0.64],
        "specularCoef":48,
        "colorSpecular":[0.153846,0.153846,0.153846]
    },{
        "colorEmissive":[0,0,0],
        "shading":"lambert",
        "opacity":1,
        "transparent":false,
        "visible":true,
        "wireframe":false,
        "blending":"NormalBlending",
        "depthTest":true,
        "depthWrite":true,
        "doubleSided":false,
        "DbgName":"Material.002",
        "DbgColor":60928,
        "DbgIndex":2,
        "colorDiffuse":[0.12186,0,0.000593487]
    },{
        "colorEmissive":[0,0,0],
        "shading":"phong",
        "opacity":1,
        "transparent":false,
        "visible":true,
        "wireframe":false,
        "blending":"NormalBlending",
        "depthTest":true,
        "depthWrite":true,
        "doubleSided":false,
        "DbgName":"Material",
        "DbgColor":15658734,
        "DbgIndex":0,
        "colorDiffuse":[0.242558,0.242558,0.242558],
        "specularCoef":50,
        "colorSpecular":[0.141026,0.141026,0.141026]
    }]
}