{
    "metadata":{
        "type":"Geometry",
        "generator":"io_three",
        "version":3,
        "vertices":136,
        "normals":79,
        "materials":1,
        "uvs":0,
        "faces":162
    },
    "vertices":[4.66096e-08,7.35133,-2.42022,1.71434e-08,7.27416,5.78819,0.0681639,7.34462,-2.42022,0.0531081,7.26893,5.78819,0.133708,7.32473,-2.42022,0.104175,7.25343,5.78819,0.194114,7.29245,-2.42022,0.151239,7.22828,5.78819,0.247061,7.24899,-2.42022,0.192491,7.19442,5.78819,0.290513,7.19605,-2.42022,0.226345,7.15317,5.78819,0.3228,7.13564,-2.42022,0.251501,7.10611,5.78819,0.342683,7.0701,-2.42022,0.266992,7.05504,5.78819,0.349396,7.00193,-2.42022,0.272223,7.00193,5.78819,0.342683,6.93377,-2.42022,0.266992,6.94882,5.78819,0.3228,6.86823,-2.42022,0.251501,6.89776,5.78819,0.290513,6.80782,-2.42022,0.226345,6.85069,5.78819,0.247061,6.75487,-2.42022,0.192491,6.80944,5.78819,0.194114,6.71142,-2.42022,0.151239,6.77559,5.78819,0.133708,6.67913,-2.42022,0.104175,6.75043,5.78819,0.0681638,6.65925,-2.42022,0.053108,6.73494,5.78819,-6.72382e-08,6.65254,-2.42022,-4.35497e-08,6.72971,5.78819,-0.0681639,6.65925,-2.42022,-0.0531081,6.73494,5.78819,-0.133708,6.67913,-2.42022,-0.104175,6.75043,5.78819,-0.194114,6.71142,-2.42022,-0.151239,6.77559,5.78819,-0.247061,6.75487,-2.42022,-0.192491,6.80944,5.78819,-0.290513,6.80782,-2.42022,-0.226345,6.85069,5.78819,-0.3228,6.86823,-2.42022,-0.251501,6.89776,5.78819,-0.342683,6.93377,-2.42022,-0.266992,6.94883,5.78819,-0.349396,7.00193,-2.42022,-0.272223,7.00193,5.78819,-0.342683,7.0701,-2.42022,-0.266992,7.05504,5.78819,-0.3228,7.13564,-2.42022,-0.251501,7.10611,5.78819,-0.290512,7.19605,-2.42022,-0.226345,7.15317,5.78819,-0.24706,7.24899,-2.42022,-0.19249,7.19442,5.78819,-0.194114,7.29245,-2.42022,-0.151239,7.22828,5.78819,-0.133708,7.32473,-2.42022,-0.104175,7.25343,5.78819,-0.0681633,7.34462,-2.42022,-0.0531076,7.26893,5.78819,0.0681639,7.34462,5.78819,4.66096e-08,7.35133,5.78819,0.133708,7.32473,5.78819,0.194114,7.29245,5.78819,0.247061,7.24899,5.78819,0.290513,7.19605,5.78819,0.3228,7.13564,5.78819,0.342683,7.0701,5.78819,0.349396,7.00193,5.78819,0.342683,6.93377,5.78819,0.3228,6.86823,5.78819,0.290513,6.80782,5.78819,0.247061,6.75487,5.78819,0.194114,6.71142,5.78819,0.133708,6.67913,5.78819,0.0681638,6.65925,5.78819,-6.72382e-08,6.65254,5.78819,-0.0681639,6.65925,5.78819,-0.133708,6.67913,5.78819,-0.194114,6.71142,5.78819,-0.247061,6.75487,5.78819,-0.290513,6.80782,5.78819,-0.3228,6.86823,5.78819,-0.342683,6.93377,5.78819,-0.349396,7.00193,5.78819,-0.342683,7.0701,5.78819,-0.3228,7.13564,5.78819,-0.290512,7.19605,5.78819,-0.24706,7.24899,5.78819,-0.194114,7.29245,5.78819,-0.133708,7.32473,5.78819,-0.0681633,7.34462,5.78819,1.71434e-08,7.27416,-1.77875,0.0531081,7.26893,-1.77875,0.104175,7.25343,-1.77875,0.151239,7.22828,-1.77875,0.192491,7.19442,-1.77875,0.226345,7.15317,-1.77875,0.251501,7.10611,-1.77875,0.266992,7.05504,-1.77875,0.272223,7.00193,-1.77875,0.266992,6.94882,-1.77875,0.251501,6.89776,-1.77875,0.226345,6.85069,-1.77875,0.192491,6.80944,-1.77875,0.151239,6.77559,-1.77875,0.104175,6.75043,-1.77875,0.053108,6.73494,-1.77875,-4.35497e-08,6.72971,-1.77875,-0.0531081,6.73494,-1.77875,-0.104175,6.75043,-1.77875,-0.151239,6.77559,-1.77875,-0.192491,6.80944,-1.77875,-0.226345,6.85069,-1.77875,-0.251501,6.89776,-1.77875,-0.266992,6.94883,-1.77875,-0.272223,7.00193,-1.77875,-0.266992,7.05504,-1.77875,-0.251501,7.10611,-1.77875,-0.226345,7.15317,-1.77875,-0.19249,7.19442,-1.77875,-0.151239,7.22828,-1.77875,-0.104175,7.25343,-1.77875,-0.0531076,7.26893,-1.77875,-1.27141,6.38747,-2.12054,-1.27141,7.68521,-2.12054,-1.27141,6.38747,-4.66335,-1.27141,7.68521,-4.66335,1.27141,6.38747,-2.12054,1.27141,7.68521,-2.12054,1.27141,6.38747,-4.66335,1.27141,7.68521,-4.66335],
    "faces":[35,0,65,64,2,0,0,0,0,0,35,2,64,66,4,0,1,1,1,1,35,4,66,67,6,0,2,2,2,2,35,6,67,68,8,0,3,3,3,3,35,8,68,69,10,0,4,4,4,4,35,10,69,70,12,0,5,5,5,5,35,12,70,71,14,0,6,6,6,6,35,14,71,72,16,0,7,7,7,7,35,16,72,73,18,0,8,8,8,8,35,18,73,74,20,0,9,9,9,9,35,20,74,75,22,0,10,10,10,10,35,22,75,76,24,0,11,11,11,11,35,24,76,77,26,0,12,12,12,12,35,26,77,78,28,0,13,13,13,13,35,28,78,79,30,0,14,14,14,14,35,30,79,80,32,0,15,15,15,15,35,32,80,81,34,0,16,16,16,16,35,34,81,82,36,0,17,17,17,17,35,36,82,83,38,0,18,18,18,18,35,38,83,84,40,0,19,19,19,19,35,40,84,85,42,0,20,20,20,20,35,42,85,86,44,0,21,21,21,21,35,44,86,87,46,0,22,22,22,22,35,46,87,88,48,0,23,23,23,23,35,48,88,89,50,0,24,24,24,24,35,50,89,90,52,0,25,25,25,25,35,52,90,91,54,0,26,26,26,26,35,54,91,92,56,0,27,27,27,27,35,56,92,93,58,0,28,28,28,28,35,58,93,94,60,0,29,29,29,29,35,47,45,118,119,0,30,30,30,30,35,60,94,95,62,0,31,31,31,31,35,65,0,62,95,0,32,32,32,32,34,62,0,2,0,33,33,33,34,2,4,6,0,34,34,34,34,6,8,10,0,34,34,34,34,10,12,14,0,34,34,34,34,14,16,18,0,34,34,34,34,18,20,22,0,34,34,34,34,22,24,26,0,35,35,35,34,26,28,30,0,34,34,34,34,30,32,34,0,34,34,34,34,34,36,38,0,35,35,35,34,38,40,42,0,34,34,34,34,42,44,46,0,34,34,34,34,46,48,50,0,36,36,36,34,50,52,54,0,35,35,35,34,54,56,58,0,34,34,34,34,58,60,62,0,34,34,34,34,62,2,6,0,34,34,34,34,6,10,14,0,34,34,34,34,14,18,22,0,34,34,34,34,22,26,30,0,35,35,35,34,30,34,38,0,35,35,35,34,38,42,46,0,34,34,34,34,46,50,54,0,34,34,34,34,54,58,62,0,34,34,34,34,62,6,14,0,34,34,34,34,14,22,30,0,34,34,34,34,30,38,46,0,34,34,34,34,46,54,62,0,34,34,34,34,62,14,30,0,35,35,35,34,30,46,62,0,36,36,36,35,1,3,64,65,0,37,37,37,37,35,3,5,66,64,0,37,37,37,37,35,5,7,67,66,0,37,37,37,37,35,7,9,68,67,0,38,38,38,38,35,9,11,69,68,0,37,37,37,37,35,11,13,70,69,0,37,37,37,37,35,13,15,71,70,0,37,37,37,37,35,15,17,72,71,0,37,37,37,37,35,17,19,73,72,0,37,37,37,37,35,19,21,74,73,0,37,37,37,37,35,21,23,75,74,0,37,37,37,37,35,23,25,76,75,0,37,37,37,37,35,25,27,77,76,0,37,37,37,37,35,27,29,78,77,0,39,39,39,39,35,29,31,79,78,0,39,39,39,39,35,31,33,80,79,0,39,39,39,39,35,33,35,81,80,0,39,39,39,39,35,35,37,82,81,0,39,39,39,39,35,37,39,83,82,0,39,39,39,39,35,39,41,84,83,0,37,37,37,37,35,41,43,85,84,0,37,37,37,37,35,43,45,86,85,0,40,40,40,40,35,45,47,87,86,0,40,40,40,40,35,47,49,88,87,0,40,40,40,40,35,49,51,89,88,0,40,40,40,40,35,51,53,90,89,0,40,40,40,40,35,53,55,91,90,0,41,41,41,41,35,55,57,92,91,0,37,37,37,37,35,57,59,93,92,0,37,37,37,37,35,59,61,94,93,0,37,37,37,37,35,61,63,95,94,0,37,37,37,37,35,63,1,65,95,0,37,37,37,37,34,98,97,96,0,37,37,37,34,96,127,126,0,37,37,37,34,126,125,124,0,37,37,37,34,124,123,122,0,37,37,37,34,122,121,120,0,37,37,37,34,120,119,118,0,37,37,37,34,118,117,116,0,37,37,37,34,116,115,114,0,37,37,37,34,114,113,112,0,37,37,37,34,112,111,110,0,37,37,37,34,110,109,108,0,37,37,37,34,108,107,106,0,37,37,37,34,106,105,104,0,37,37,37,34,104,103,102,0,37,37,37,34,102,101,100,0,37,37,37,34,100,99,98,0,37,37,37,34,98,96,126,0,40,40,40,34,126,124,122,0,37,37,37,34,122,120,118,0,39,39,39,34,118,116,114,0,37,37,37,34,114,112,110,0,37,37,37,34,110,108,106,0,37,37,37,34,106,104,102,0,37,37,37,34,102,100,98,0,37,37,37,34,98,126,122,0,37,37,37,34,122,118,114,0,42,42,42,34,114,110,106,0,38,38,38,34,106,102,98,0,38,38,38,34,98,122,114,0,39,39,39,34,114,106,98,0,37,37,37,35,21,19,105,106,0,43,43,43,43,35,49,47,119,120,0,44,44,44,44,35,23,21,106,107,0,45,45,45,45,35,51,49,120,121,0,46,46,46,46,35,25,23,107,108,0,47,47,47,47,35,53,51,121,122,0,48,48,48,48,35,27,25,108,109,0,49,49,49,49,35,55,53,122,123,0,50,50,50,50,35,29,27,109,110,0,51,51,51,51,35,3,1,96,97,0,52,52,52,52,35,57,55,123,124,0,53,53,53,53,35,31,29,110,111,0,54,54,54,54,35,5,3,97,98,0,55,55,55,55,35,59,57,124,125,0,56,56,56,56,35,33,31,111,112,0,57,57,57,57,35,7,5,98,99,0,58,58,58,58,35,61,59,125,126,0,59,59,59,59,35,35,33,112,113,0,60,60,60,60,35,9,7,99,100,0,61,61,61,61,35,63,61,126,127,0,62,62,62,62,35,37,35,113,114,0,63,63,63,63,35,11,9,100,101,0,64,64,64,64,35,1,63,127,96,0,65,65,65,65,35,39,37,114,115,0,66,66,66,66,35,13,11,101,102,0,67,67,67,67,35,41,39,115,116,0,68,68,68,68,35,15,13,102,103,0,69,69,69,69,35,43,41,116,117,0,70,70,70,70,35,17,15,103,104,0,71,71,71,71,35,45,43,117,118,0,72,72,72,72,35,19,17,104,105,0,73,73,